{
    "rmse": 0.8094714788843969,
    "mae": 0.6651904134748287,
    "r2": 0.046917708905756306
}